"longitude","latitude","cluster","bio1","bio10","bio11","bio12","bio13","bio14","bio15","bio16","bio17","bio18","bio19","bio2","bio3","bio4","bio5","bio6","bio7","bio8","bio9"
-99.322589,19.176568,4,119,137,97,1131,232,10,94,661,37,321,37,152,70,1572,222,5,217,127,97
-99.537667,19.69974,4,132,153,108,927,190,12,89,532,42,258,48,154,68,1786,240,15,225,146,108
-93.930503,35.896638,1,138,240,31,1188,143,60,21,368,217,290,217,125,35,8119,315,-42,357,183,31
-94.003663,36.182815,1,137,243,26,1142,135,53,23,365,196,296,196,129,34,8385,318,-51,369,183,26
-94.186581,36.05197,1,141,245,30,1148,139,55,24,369,197,293,197,128,34,8318,321,-46,367,186,30
-92.850421,36.121056,1,143,246,32,1151,136,60,20,353,227,269,227,135,36,8230,325,-46,371,141,32
-92.208452,36.379151,1,140,246,24,1110,121,60,18,336,228,259,228,142,36,8559,331,-58,389,140,24
-92.438329,36.210563,1,143,248,28,1129,125,60,19,342,234,256,234,141,36,8463,332,-53,385,143,28
-94.836464,36.085187,1,150,255,38,1146,138,52,26,371,185,291,185,126,34,8401,330,-38,368,195,38
-86.696319,35.929829,1,142,244,34,1289,136,75,14,371,259,297,343,131,37,8128,317,-36,353,140,201
-83.468587,38.076437,1,119,223,8,1177,132,73,16,352,250,337,264,135,37,8314,300,-64,364,204,129
-84.675036,39.327823,1,116,228,-5,1057,115,67,17,315,217,289,217,121,32,8987,302,-70,372,113,-5
-83.61527,38.194662,1,120,225,7,1161,127,72,16,346,246,329,257,131,35,8415,301,-63,364,205,130
-84.395031,37.773739,1,130,234,17,1190,121,70,14,343,256,323,275,120,33,8401,304,-49,353,215,139
-86.605812,30.50676,2,191,268,109,1532,178,82,24,515,294,503,353,110,39,6285,320,44,276,265,152
-121.07728,36.58832,4,137,210,74,476,87,1,85,248,6,15,241,179,53,5461,335,-1,336,80,209
-121.106635,36.404745,4,144,211,83,378,69,1,85,201,5,12,193,187,55,5092,336,2,334,91,210
-120.951101,36.226291,4,143,212,80,354,67,1,86,190,4,12,185,189,55,5262,336,-3,339,89,211
-121.522267,37.638499,4,145,221,79,531,101,1,83,268,8,13,268,142,47,5682,326,24,302,79,219
-121.830272,37.972772,4,154,221,83,370,76,1,85,193,6,9,193,140,47,5419,320,26,294,83,219
-121.397942,36.671047,4,139,198,86,482,94,2,86,253,7,12,253,156,55,4437,299,17,282,86,195
-122.122896,37.590098,4,148,193,98,428,90,1,87,226,6,8,226,108,52,3712,253,46,207,98,189
-121.72946,37.643509,4,147,215,84,493,97,1,84,254,6,11,254,141,49,5160,314,27,287,84,212
-121.838086,38.339463,4,159,231,83,561,131,1,94,322,5,5,322,149,47,5839,340,25,315,83,231
-121.843149,36.925138,4,139,177,99,656,142,2,91,363,7,12,363,125,60,3050,245,38,207,99,173
-120.427605,34.879282,4,144,177,112,375,78,0,90,215,2,8,201,129,63,2586,244,42,202,115,172
-84.177645,30.043998,4,198,269,121,1499,203,75,31,543,257,543,332,129,45,5840,329,46,283,269,163
-101.712491,19.413294,4,157,179,131,1180,270,6,104,760,25,243,47,150,66,1856,271,45,226,166,154
-122.503507,47.391496,4,105,167,46,1167,191,21,62,554,89,89,505,95,40,4866,237,5,232,51,167
-122.992417,47.010522,4,104,168,44,1300,210,21,63,620,92,92,571,111,44,4949,251,3,248,48,168
-124.091825,41.758034,4,109,154,70,1997,342,9,74,986,67,83,918,107,54,3345,218,22,196,74,151
-123.930283,44.723963,4,104,151,60,2215,373,28,65,1056,137,142,993,92,48,3575,212,22,190,64,148
-122.193269,47.951572,4,101,161,46,975,134,29,44,399,118,118,364,83,39,4628,223,11,212,50,161
-124.128597,40.866189,4,116,152,83,1225,209,5,75,602,37,47,583,89,54,2737,203,40,163,87,149
-122.826255,45.279521,4,114,184,49,1063,176,17,59,491,85,89,451,113,42,5326,271,5,266,53,183
-122.374539,47.555918,4,108,171,50,982,153,21,58,451,88,88,409,86,38,4857,236,13,223,54,171
-122.12254,47.554444,4,103,166,45,1272,183,33,48,542,135,135,493,93,40,4822,236,8,228,48,166
-122.596348,47.161803,4,102,166,43,1057,170,21,58,494,91,91,442,104,42,4914,243,1,242,47,166
-122.055656,47.711962,4,103,166,46,1191,168,33,46,499,134,134,452,91,40,4784,234,8,226,49,166
-122.450278,48.678306,4,93,153,35,1116,152,39,42,449,137,137,407,89,39,4719,218,-5,223,38,153
-122.319353,46.901487,4,94,158,35,1372,197,32,49,587,144,144,532,107,43,4928,238,-7,245,39,158
-123.775537,39.276712,4,113,149,79,1104,201,3,81,563,20,33,552,111,59,2747,216,29,187,84,146
-123.970798,41.357773,4,107,159,59,1705,297,7,75,852,55,69,799,122,53,3954,239,9,230,63,156
-123.819183,39.750878,4,112,168,62,1611,294,4,83,838,28,47,817,134,53,4187,263,11,252,66,166
-124.101928,44.06866,4,106,153,64,2083,348,21,67,993,115,120,930,96,50,3479,214,23,191,68,148
-123.899792,46.009785,4,104,151,62,2002,311,36,60,907,149,162,855,88,48,3527,203,21,182,66,148
-121.764261,47.43057,4,78,145,17,2221,314,53,49,935,226,228,857,92,39,5064,217,-17,234,22,143
-124.05571,43.71178,4,111,157,70,1792,300,16,68,861,92,98,806,97,51,3436,218,28,190,74,153
-121.571452,45.13823,4,64,142,-6,1421,230,20,60,659,108,108,619,114,40,5867,233,-49,282,-1,142
-123.017926,49.34391,4,69,143,0,1400,221,41,53,619,146,146,569,81,32,5676,209,-40,249,5,143
-123.183708,46.192263,4,92,154,36,2038,324,32,61,948,147,164,882,102,43,4671,228,-4,232,40,152
-122.263789,47.797983,4,106,168,50,988,145,26,49,426,108,108,387,83,38,4722,231,14,217,54,168
-121.50091,47.508967,4,59,132,-6,2293,345,50,53,1009,212,224,931,85,35,5483,201,-39,240,-1,130
-126.417778,49.800556,4,73,123,31,2524,354,70,49,1028,254,286,945,63,37,3727,168,2,166,35,121
-122.402992,49.2225,4,82,153,13,1748,260,51,48,736,189,189,678,88,35,5529,223,-27,250,19,153
-122.614571,48.793015,4,98,157,41,902,126,32,42,366,113,113,328,87,40,4618,218,1,217,45,157
-123.366481,49.400001,4,92,163,26,1280,199,38,53,562,133,133,510,73,31,5445,222,-8,230,31,163
-76.458863,42.458665,1,75,188,-44,941,100,53,18,275,172,275,178,112,30,9024,264,-101,365,167,-35
-82.413102,39.980131,1,102,213,-19,1022,111,59,20,321,196,308,196,123,32,8961,290,-84,374,194,-19
-82.121672,39.386558,1,109,216,-8,1020,112,64,18,311,206,303,206,129,35,8662,292,-76,368,197,-8
-77.799828,38.781364,1,123,230,11,1037,102,70,12,289,217,288,217,124,34,8426,302,-57,359,209,11
-77.827498,40.451536,1,98,209,-20,1009,104,65,14,299,205,282,205,113,31,8856,284,-78,362,189,-20
-83.870052,37.750901,1,125,228,13,1209,128,72,15,349,262,333,278,130,36,8303,302,-58,360,209,134
-84.110503,39.04964,1,113,223,-7,1086,117,70,17,322,223,300,223,117,32,8905,294,-71,365,109,-7
-81.605295,41.308625,1,96,208,-25,961,96,55,16,284,189,278,189,108,29,9046,280,-81,361,187,-25
-84.050003,39.501945,1,112,225,-11,1009,111,62,18,306,200,283,200,111,30,9119,294,-71,365,205,-11
-84.150519,40.129353,5,104,220,-21,959,101,55,20,301,183,286,183,111,29,9343,290,-81,371,199,-21
-80.568329,37.210924,2,112,209,9,957,99,64,13,277,199,267,199,133,38,7698,285,-60,345,190,9
-83.246047,39.988578,1,106,218,-17,958,105,55,20,300,183,284,183,118,31,9114,291,-79,370,199,-17
-79.863987,43.375798,5,74,193,-49,858,87,54,12,245,180,238,188,97,26,9408,266,-98,364,184,-42
-81.204924,41.621464,1,88,200,-33,1047,102,58,15,293,202,293,213,105,29,9067,269,-91,360,178,-23
-82.012775,39.595672,1,106,214,-12,1021,113,62,19,318,202,309,202,128,34,8710,290,-79,369,195,-12
-75.154779,41.094315,1,87,199,-32,1151,109,74,11,320,246,316,247,124,33,8884,278,-97,375,178,-19
-79.755486,43.513473,5,75,194,-48,813,85,51,13,236,167,230,175,97,26,9444,267,-98,365,186,-41
-76.366195,41.241195,1,80,191,-38,984,108,57,20,309,180,297,180,115,31,8840,267,-97,364,170,-38
-83.027184,40.154135,1,105,218,-18,954,104,53,21,303,181,289,181,119,31,9092,293,-80,373,198,-18
-82.862755,40.185845,1,101,214,-22,973,107,53,21,311,183,298,183,120,32,9118,289,-85,374,194,-22
-78.013791,39.459687,1,112,221,-3,956,97,61,14,281,190,271,190,124,33,8611,298,-68,366,200,-3
-81.424335,41.580203,1,94,206,-27,982,96,54,16,278,188,278,196,103,28,9058,275,-83,358,206,-17
-79.484815,41.507799,1,76,187,-44,1138,120,63,17,343,217,343,220,122,32,8951,267,-106,373,187,-33
-76.062664,42.796423,1,70,185,-52,1064,104,67,13,291,212,291,227,106,29,9191,258,-107,365,185,-43
-72.331284,43.633711,5,60,181,-70,1020,98,66,12,278,210,278,221,125,30,9695,263,-145,408,181,-57
-80.503644,42.66801,1,78,194,-44,960,92,59,12,257,202,252,213,98,27,9259,266,-94,360,187,-35
-73.270211,44.117886,5,72,196,-64,891,103,49,20,273,159,273,166,120,29,10014,277,-135,412,196,-51
-76.173671,42.649198,1,73,188,-47,1003,103,60,15,284,192,284,203,107,29,9123,262,-101,363,188,-38
-76.746743,41.017029,1,95,208,-24,993,106,60,17,302,193,292,193,120,32,8954,287,-85,372,187,-24
-73.113866,44.389494,5,65,190,-71,937,108,47,22,297,159,297,165,112,27,10083,266,-139,405,190,-59
-80.355074,43.375965,5,67,185,-57,917,92,57,13,263,191,254,199,100,27,9452,260,-107,367,177,-49
-72.463736,43.853044,5,50,169,-80,1059,108,66,13,300,215,300,226,124,30,9623,250,-154,404,169,-67
-80.221775,43.235768,5,74,192,-49,902,89,57,12,252,192,244,200,98,26,9418,266,-99,365,184,-42
-82.734866,39.870935,1,106,218,-16,981,106,56,20,308,188,295,188,118,31,9041,292,-79,371,198,-16
-84.317223,39.066387,1,115,226,-6,1081,115,69,16,320,221,297,221,119,32,8941,298,-71,369,111,-6
-78.378929,42.676666,1,72,185,-49,1034,102,61,14,286,203,286,222,110,30,9076,259,-105,364,185,-40
-74.377614,40.916402,1,98,208,-19,1264,119,81,10,342,273,336,273,119,32,8748,284,-83,367,186,-19
-73.156581,44.087621,5,61,184,-72,1012,114,56,19,306,183,306,193,117,28,9885,262,-143,405,184,-60
-87.137144,41.709977,5,99,218,-31,947,100,41,23,290,159,290,159,105,27,9621,287,-91,378,218,-16
-75.651619,45.445981,3,60,193,-90,877,85,56,14,251,174,250,193,97,23,10963,262,-153,415,182,-76
-73.016569,44.273367,5,62,186,-72,980,112,51,21,304,170,304,179,115,28,9963,263,-142,405,186,-60
-87.975756,41.799539,5,97,221,-39,934,104,36,29,304,141,304,141,107,27,10038,291,-102,393,221,-39
-71.839612,41.17493,1,101,205,-5,1181,117,80,11,329,259,264,304,100,30,8173,268,-63,331,21,179
-77.341057,44.278772,5,68,192,-66,864,88,57,12,245,193,201,210,101,25,10018,264,-127,391,23,-55
-87.202597,46.590209,5,45,168,-86,804,95,39,22,255,142,232,147,113,28,9921,248,-151,399,125,-76
-68.528192,44.979441,5,61,182,-69,1065,115,80,12,311,244,249,271,117,29,9631,261,-139,400,17,-12
-87.936761,42.912403,5,83,206,-50,828,94,32,29,276,123,276,123,96,25,9905,272,-111,383,206,-50
-78.185995,44.569768,5,56,180,-79,846,81,57,11,231,179,222,193,107,26,10050,254,-144,398,78,-68
-87.818412,42.058922,5,94,216,-37,903,100,36,27,295,141,295,141,99,26,9789,281,-96,377,216,-37
-68.893044,44.601381,5,67,187,-60,1138,124,82,13,337,255,255,283,113,28,9506,261,-129,390,23,187
-73.3768,44.02341,5,71,195,-64,884,102,50,19,269,162,268,168,122,29,9988,277,-137,414,184,-51
-93.199616,45.40196,3,62,203,-98,750,113,20,51,314,68,314,68,117,25,11630,281,-176,457,203,-98
-78.76777,44.403013,5,61,183,-73,839,79,56,11,230,174,227,194,104,26,9943,256,-133,389,174,-15
-80.364389,43.305256,5,71,189,-53,919,91,58,12,258,195,250,202,100,27,9435,264,-102,366,181,-45
-77.707816,43.078529,1,85,202,-36,801,83,46,17,231,150,231,154,105,28,9260,276,-90,366,202,-28
-83.976043,42.486334,5,85,205,-43,798,87,41,21,243,143,243,143,106,28,9602,278,-98,376,205,-30
-77.088806,44.407821,5,63,187,-72,898,90,61,12,256,201,210,221,101,25,10055,258,-135,393,18,-61
-86.50287,41.274885,5,97,216,-34,974,109,46,23,305,165,305,165,115,29,9659,292,-96,388,196,-34
-70.807542,42.760565,1,92,204,-24,1163,125,80,13,338,250,250,306,109,30,8810,276,-86,362,51,204
-73.195204,45.138023,5,66,195,-76,901,101,49,19,278,163,277,173,108,26,10474,269,-144,413,184,-63
-83.665309,46.078027,5,49,172,-84,822,96,40,21,257,151,229,160,105,26,10004,252,-148,400,129,-76
-79.46082,46.309115,3,45,176,-101,921,101,55,18,281,176,262,198,105,25,10776,247,-171,418,167,-36
-76.289825,44.764472,5,61,188,-80,870,84,57,11,240,185,222,204,102,25,10375,258,-144,402,84,-68
-93.853706,46.282315,3,45,189,-121,717,108,16,53,306,59,306,59,127,26,11940,272,-207,479,189,-121
-77.30172,44.478319,5,64,188,-71,881,88,60,11,249,197,207,215,102,25,10071,260,-134,394,19,-61
-70.890283,45.32655,5,22,146,-113,1119,125,66,17,344,219,344,231,107,26,10060,215,-182,397,146,-102
-75.841799,45.303026,3,57,190,-91,847,81,54,13,241,170,237,188,100,24,10850,260,-155,415,179,-77
-79.563653,44.14972,5,66,186,-61,806,83,50,14,233,164,230,185,101,26,9646,261,-114,375,178,-10
-78.518212,45.584787,5,35,164,-110,960,96,60,15,277,189,269,211,113,26,10641,241,-181,422,154,-45
-79.363767,44.673921,5,58,179,-74,935,94,60,14,269,188,233,238,110,28,9844,255,-134,389,-42,-19
-78.724345,44.895812,5,51,175,-88,938,93,62,12,263,191,245,222,109,26,10231,250,-154,404,73,-27
-88.561492,48.816246,3,17,153,-139,748,87,31,30,253,115,248,126,116,25,11290,234,-225,459,144,-63
-87.859439,42.295356,5,88,209,-46,890,101,33,30,297,132,297,132,103,26,9859,277,-108,385,209,-46
-81.270294,48.445208,3,10,153,-155,833,96,47,23,270,151,261,158,132,27,11952,241,-245,486,140,-77
-79.295849,44.371103,5,64,184,-67,845,82,53,12,233,171,228,203,105,27,9798,259,-125,384,176,-13
-84.93562,43.868275,5,67,189,-63,793,98,32,28,260,125,242,126,119,29,9783,274,-123,397,178,-53
-81.849378,42.264568,5,93,210,-31,884,88,53,15,252,178,252,189,99,27,9371,281,-79,360,210,-21
-76.484106,44.759251,5,59,186,-81,877,85,58,11,243,187,222,206,101,25,10343,256,-146,402,13,-69
-90.200726,44.065848,3,66,199,-85,826,108,24,44,312,84,302,84,130,28,10927,285,-164,449,186,-85
-79.048333,44.689208,5,56,178,-79,920,92,60,13,259,186,236,224,109,27,10010,254,-142,396,79,-21
-71.288421,44.390894,5,42,165,-90,1203,119,78,12,334,248,334,265,122,29,9863,242,-166,408,165,-78
-88.599032,43.143351,5,77,206,-67,814,99,26,38,296,98,292,98,112,26,10531,284,-135,419,195,-67
-77.70138,44.229918,5,67,189,-66,831,84,56,11,231,180,202,193,101,26,9871,259,-127,386,22,-55
-78.177967,45.138092,5,42,168,-98,924,88,61,12,257,191,251,207,109,26,10328,242,-166,408,120,-86
-81.17105,46.724004,3,28,162,-121,859,101,50,19,264,167,244,170,115,26,11003,240,-202,442,111,-109
-92.239128,47.532051,3,28,167,-132,722,107,18,51,302,67,302,67,125,26,11581,251,-217,468,167,-132
-73.680047,43.894194,5,55,175,-76,1032,113,62,16,302,201,299,207,122,30,9708,254,-149,403,165,-64
-78.856438,44.627808,5,58,181,-76,876,85,57,12,240,178,233,208,106,26,9985,255,-138,393,81,-18
-80.593697,46.034728,5,49,178,-93,895,98,59,15,264,182,226,215,102,24,10580,249,-162,411,131,-33
-82.637262,41.808967,5,98,216,-27,869,89,46,19,259,163,259,170,89,25,9481,279,-77,356,216,-17
-79.216162,45.394965,5,46,172,-95,998,102,62,15,292,198,247,247,111,27,10400,248,-163,411,69,-34
-70.580521,43.322233,1,83,198,-38,1154,131,79,14,346,247,247,297,116,30,9088,275,-105,380,40,198
-75.867601,44.456379,5,68,192,-69,911,90,59,13,257,193,231,213,104,26,10091,263,-133,396,90,-57
-78.247944,44.339813,5,60,182,-74,825,79,55,11,225,174,215,186,106,26,9959,257,-137,394,81,-63
-84.39593,42.130773,5,85,203,-42,854,93,42,22,263,149,263,149,112,29,9501,279,-98,377,203,-42
-93.836945,51.019444,3,4,162,-178,615,91,20,47,259,77,259,77,115,22,13144,242,-265,507,162,-153
-94.054978,46.288303,3,46,191,-120,704,106,16,53,299,58,299,58,127,26,11985,274,-205,479,191,-120
-83.432477,44.034306,5,72,191,-53,744,87,34,24,236,126,223,126,110,28,9495,270,-112,382,183,-45
-89.860471,45.322192,3,48,182,-105,816,111,23,44,312,86,302,86,122,27,11082,265,-183,448,169,-105
-90.837959,46.24107,3,39,173,-115,830,110,22,43,319,91,313,91,123,27,11123,257,-196,453,162,-115
-78.137786,44.749437,5,52,176,-85,873,84,59,11,240,184,230,198,107,26,10140,250,-151,401,73,-73
-87.881715,52.221074,3,-13,151,-194,665,94,23,43,263,82,263,86,104,20,13359,221,-276,497,151,-177
-89.420451,45.589447,3,44,179,-107,794,109,22,45,308,85,296,85,123,27,11021,261,-183,444,166,-107
-80.555733,45.83427,5,51,178,-88,913,98,62,15,268,188,223,229,101,25,10390,249,-155,404,75,-31
-73.945708,45.432959,5,63,194,-82,930,97,60,13,270,194,266,210,104,25,10669,266,-147,413,183,-68
-76.021746,45.44052,3,56,189,-93,830,79,53,13,236,167,234,185,104,24,10910,260,-161,421,178,-79
-90.981392,46.357498,3,43,177,-108,804,106,22,42,306,91,301,91,124,27,10976,262,-187,449,167,-108
-89.577363,44.495375,3,64,197,-85,815,104,25,42,304,85,294,85,119,27,10911,277,-159,436,185,-85
-90.690148,46.599496,5,47,178,-99,806,104,24,39,296,101,292,101,121,27,10698,262,-175,437,170,-99
-78.465235,44.922744,5,48,173,-91,918,89,61,12,255,190,244,211,108,26,10267,247,-158,405,70,-29
-80.037224,43.450001,5,70,189,-54,890,89,56,12,254,187,246,195,98,26,9462,262,-103,365,180,-47
-93.200635,49.734715,3,20,173,-155,678,99,23,47,281,84,281,84,100,21,12662,244,-229,473,173,-155
-73.217242,44.741551,5,68,195,-70,837,98,43,23,267,143,267,149,111,27,10223,269,-139,408,195,-58
-76.223193,44.279153,5,69,191,-64,915,93,60,13,262,199,221,219,101,26,9890,259,-127,386,92,-53
-79.117083,45.071292,5,48,172,-90,987,101,63,14,285,198,247,242,112,27,10209,249,-157,406,71,-30
-78.310363,44.686297,5,52,176,-86,881,85,59,11,243,186,232,201,107,26,10166,250,-151,401,73,-74
-76.629861,45.504811,3,54,190,-96,824,79,54,13,233,168,232,183,110,25,11032,266,-167,433,178,-82
-89.900818,43.921314,3,68,200,-81,813,105,24,43,304,83,295,83,128,28,10859,284,-159,443,188,-81
-76.340196,45.248549,3,54,186,-93,825,79,54,12,232,170,226,187,106,25,10805,260,-161,421,175,-80
-93.716455,44.889562,3,66,207,-94,751,110,19,50,311,65,311,65,121,26,11643,287,-173,460,207,-94
-85.145569,42.263895,5,86,206,-43,886,92,39,24,270,146,270,147,113,29,9621,283,-100,383,206,-29
-90.482489,46.979497,5,48,174,-92,805,100,27,34,281,114,281,114,116,27,10324,253,-165,418,174,-92
-83.241211,43.116056,5,83,203,-46,758,87,31,27,240,118,237,118,111,28,9640,284,-101,385,194,-46
-71.423201,42.734535,1,85,202,-38,1089,113,81,9,304,255,259,265,122,31,9260,281,-108,389,40,-26
-82.39224,41.009207,1,93,207,-30,940,101,51,21,295,175,289,175,110,29,9148,280,-87,367,186,-30
-94.335742,46.422481,3,46,194,-121,685,104,15,52,290,56,290,56,123,25,12139,273,-205,478,194,-121
-85.455545,42.622525,5,85,205,-44,901,99,39,23,273,149,269,155,113,29,9638,283,-101,384,195,-31
-78.425544,42.061199,1,66,175,-53,1035,122,56,20,317,187,317,195,123,32,8859,257,-117,374,175,-43
-71.467774,42.513314,1,88,204,-34,1109,115,85,9,309,257,257,278,119,31,9155,281,-100,381,43,204
-75.647955,44.884497,5,62,192,-82,875,87,56,14,253,175,241,194,99,24,10601,262,-145,407,182,-69
-73.231266,44.280939,5,71,196,-64,870,101,46,22,271,151,271,157,117,28,10054,276,-135,411,196,-52
-80.515633,42.611088,1,82,197,-39,964,92,57,13,260,198,256,210,97,27,9168,266,-89,355,190,-30
-76.612465,44.232326,5,67,188,-65,932,95,62,14,270,205,217,227,96,25,9836,254,-127,381,25,-55
-98.611317,19.208095,4,110,126,89,953,181,10,87,525,30,310,38,154,71,1482,213,-1,214,120,89
-122.820745,45.22422,4,114,184,49,1063,176,17,59,491,85,89,451,113,42,5326,271,5,266,53,183
-122.265045,47.406307,4,107,172,48,1035,156,23,54,465,98,98,421,98,41,4917,245,9,236,51,172
-122.847426,45.660438,4,109,178,44,1105,187,16,62,525,85,90,485,113,43,5301,264,2,262,48,178
-122.952019,47.074455,4,104,168,44,1300,210,21,63,620,92,92,571,111,44,4949,251,3,248,48,168
-121.897145,36.919487,4,139,177,99,656,142,2,91,363,7,12,363,125,60,3050,245,38,207,99,173
-122.108494,47.478727,4,101,165,42,1301,190,33,48,551,139,139,504,100,42,4891,240,4,236,45,165
-123.32979,44.576159,4,110,178,48,1160,202,12,68,568,67,71,532,118,44,5140,272,7,265,51,176
-122.737734,45.919598,4,108,175,43,1426,230,23,58,653,117,123,606,110,42,5201,259,2,257,48,174
-122.503428,47.390064,4,105,167,46,1167,191,21,62,554,89,89,505,95,40,4866,237,5,232,51,167
-122.493414,48.710258,4,93,153,35,1116,152,39,42,449,137,137,407,89,39,4719,218,-5,223,38,153
-122.293075,46.844271,4,94,158,35,1372,197,32,49,587,144,144,532,107,43,4928,238,-7,245,39,158
-122.643509,48.987926,4,96,159,36,1074,149,37,43,437,130,130,395,90,39,4851,222,-4,226,39,159
-120.9805,39.99994,2,89,172,13,1083,200,6,76,536,38,38,536,167,47,6299,297,-53,350,13,172
-122.296556,48.157397,4,101,160,45,996,134,33,40,392,127,127,355,90,41,4564,225,9,216,49,160
-117.016432,46.812852,2,81,171,-6,578,74,20,36,219,73,86,201,123,37,6959,278,-53,331,-1,169
-122.555301,45.474635,4,116,185,51,1205,193,20,57,548,100,100,504,107,41,5317,268,11,257,55,185
-116.041764,44.496322,2,30,133,-71,636,86,20,38,246,81,94,234,158,40,7916,256,-138,394,-58,128
-123.513451,48.524222,4,84,143,30,1228,215,24,67,611,85,104,553,82,39,4519,205,-3,208,34,142
-123.222289,43.981162,4,108,175,47,1297,221,13,66,630,75,79,575,120,45,5027,268,4,264,51,173
-117.294834,49.492812,2,32,131,-62,826,107,45,29,302,142,164,278,98,30,7605,218,-106,324,-55,127
-123.466584,43.264897,4,120,189,59,1018,179,8,70,509,49,57,462,134,48,5128,290,11,279,63,187
-122.130484,47.9158,4,103,165,45,1143,158,34,43,464,136,136,419,94,41,4779,234,7,227,48,165
-123.089477,53.968273,1,32,139,-85,584,60,25,22,179,95,179,146,124,32,8724,226,-157,383,139,-12
-122.37429,47.556007,4,108,171,50,982,153,21,58,451,88,88,409,86,38,4857,236,13,223,54,171
-120.015169,38.702908,2,47,129,-21,1117,191,13,70,528,58,63,523,134,44,6099,221,-83,304,-11,128
-122.263412,47.797561,4,106,168,50,988,145,26,49,426,108,108,387,83,38,4722,231,14,217,54,168
-113.467787,47.295766,2,27,127,-68,609,67,36,22,184,121,143,176,141,38,7610,237,-133,370,-60,121
-126.655175,54.390914,1,21,122,-87,510,56,19,27,161,77,143,141,111,30,8157,202,-158,360,-28,20
-121.788852,41.331274,2,78,163,0,783,119,8,61,348,49,50,334,161,46,6461,280,-69,349,6,162
-120.218205,39.134039,2,54,136,-16,1096,194,12,72,528,52,57,528,139,44,6144,236,-77,313,-16,135
-120.471671,46.588799,2,94,195,-6,215,34,6,48,94,26,31,85,138,38,7803,297,-61,358,-2,189
-123.003944,44.893913,4,110,178,47,1170,200,13,66,567,70,75,532,123,45,5195,274,3,271,50,177
-117.548282,47.902225,1,80,185,-22,492,69,19,38,196,65,78,176,122,34,8063,287,-69,356,-16,179
-114.309492,49.239197,2,8,106,-87,687,83,43,19,211,153,182,172,126,34,7603,203,-158,361,42,69
-121.284713,40.537797,2,56,141,-17,861,126,10,58,366,59,62,354,149,44,6327,253,-81,334,-8,140
-121.232708,48.567558,2,44,127,-35,1537,250,40,58,721,142,142,656,97,34,6413,205,-75,280,-29,127
-121.517684,40.557503,2,64,145,-6,1057,155,9,61,459,64,64,437,146,45,6117,254,-68,322,2,145
-121.794495,45.188309,4,55,130,-9,2043,334,26,61,948,144,151,896,98,38,5528,208,-48,256,-4,128
-120.017014,51.869567,1,42,146,-67,639,68,34,18,190,118,177,176,113,30,8324,235,-135,370,-59,-1
-122.133062,43.157494,4,38,119,-28,1365,232,18,66,663,87,87,612,132,44,5886,222,-78,300,-21,119
-124.085066,49.239179,4,90,159,29,1315,216,34,58,603,117,117,554,78,34,5207,222,-3,225,34,159
-119.472611,49.907384,1,76,180,-30,361,39,21,19,107,68,105,93,120,33,8095,274,-79,353,159,32
-123.23905,49.27312,4,99,167,35,1209,187,34,52,526,124,124,483,77,34,5175,223,1,222,41,167
-120.317854,47.545682,1,77,183,-31,377,64,10,55,177,41,47,160,122,33,8365,281,-82,363,-24,179
-122.990356,45.500526,4,109,178,44,1105,187,16,62,525,85,90,485,113,43,5301,264,2,262,48,178
-123.018556,49.318237,4,99,167,34,1293,199,36,52,561,132,132,518,79,34,5214,226,-2,228,40,167
-120.430772,45.583803,2,113,211,20,250,40,6,52,113,26,28,100,127,37,7453,311,-28,339,24,206
-86.786742,33.462439,2,165,257,67,1427,160,77,18,422,276,334,394,129,39,7350,326,-4,330,83,219
-91.754593,31.865686,2,184,271,92,1431,155,87,19,420,264,294,420,126,40,6957,338,23,315,92,235
-85.609681,32.508969,2,171,256,77,1418,169,72,22,440,265,343,407,131,41,6961,321,4,317,92,223
-85.442917,32.013442,2,179,261,88,1313,153,62,21,401,241,343,372,130,41,6735,326,16,310,103,186
-89.359934,31.272022,2,185,267,98,1567,158,83,16,453,310,388,449,130,42,6581,334,25,309,113,189
-79.682694,32.863053,2,184,265,97,1269,173,67,31,462,234,462,261,105,36,6514,318,32,286,265,148
-76.915002,37.33893,2,143,243,38,1121,122,76,14,329,246,327,257,123,36,7917,312,-28,340,236,98
-84.051302,39.501238,1,112,225,-11,1009,111,62,18,306,200,283,200,111,30,9119,294,-71,365,205,-11
-80.602836,37.319831,2,112,209,9,957,99,64,13,277,199,267,199,133,38,7698,285,-60,345,190,9
-81.641879,38.280586,1,120,222,10,1145,132,74,16,340,250,339,250,126,36,8186,293,-57,350,203,73
-84.391997,37.157981,1,128,228,19,1279,126,79,12,357,279,333,309,128,36,8062,300,-51,351,210,187
-82.413102,39.980131,1,102,213,-19,1022,111,59,20,321,196,308,196,123,32,8961,290,-84,374,194,-19
-89.385584,37.693015,1,131,243,8,1129,117,67,17,338,239,293,239,124,32,9067,318,-62,380,131,8
-81.78369,37.827271,1,111,210,3,1202,130,82,13,353,268,341,269,129,37,8001,282,-65,347,191,120
-84.76583,39.437267,1,111,223,-11,1048,116,65,18,316,213,290,213,122,32,9057,299,-76,375,203,-11
-77.849593,42.530463,1,74,187,-47,874,102,45,23,269,147,269,156,118,31,9086,268,-106,374,187,-38
-77.79985,38.781386,1,123,230,11,1037,102,70,12,289,217,288,217,124,34,8426,302,-57,359,209,11
-92.26374,38.568682,5,128,244,1,980,124,38,29,326,144,285,144,124,31,9346,319,-74,393,180,1
-78.009055,40.545216,1,96,206,-22,980,103,62,15,296,194,282,194,116,32,8798,283,-79,362,186,-22
-77.1215,38.919,1,129,237,16,1035,104,71,11,293,225,293,225,117,33,8534,307,-46,353,237,16
-82.54808,35.440242,2,125,215,31,1321,132,99,10,360,299,360,305,134,40,7118,286,-42,328,215,45
-90.364058,32.326308,2,177,264,83,1357,145,75,21,403,237,295,401,128,40,7049,330,12,318,99,228
-82.121864,39.386147,1,109,216,-8,1020,112,64,18,311,206,303,206,129,35,8662,292,-76,368,197,-8
-82.223273,36.560937,2,125,221,23,1133,118,74,12,326,244,316,266,131,38,7638,292,-45,337,203,132
-83.152402,38.725909,1,116,222,1,1062,110,67,16,310,226,304,226,127,34,8535,297,-66,363,204,1
-75.794754,40.195202,1,107,218,-10,1133,111,73,12,324,243,314,248,113,31,8809,290,-70,360,197,3
-82.73423,39.866345,1,106,218,-16,981,106,56,20,308,188,295,188,118,31,9041,292,-79,371,198,-16
-77.428537,39.777145,1,105,214,-11,1080,106,75,10,304,233,285,233,116,32,8694,288,-71,359,151,-11
-83.870052,37.750901,1,125,228,13,1209,128,72,15,349,262,333,278,130,36,8303,302,-58,360,209,134
-83.562389,38.125185,1,122,226,10,1187,132,72,16,353,251,337,268,134,36,8348,303,-61,364,206,132
-92.375489,38.424928,1,128,244,2,1009,127,38,29,331,147,285,147,127,32,9295,321,-74,395,180,2
-77.393767,39.059944,1,124,232,11,1001,98,68,12,281,212,280,212,122,33,8529,306,-53,359,210,11
-84.110476,39.049711,1,113,223,-7,1086,117,70,17,322,223,300,223,117,32,8905,294,-71,365,109,-7
-94.216024,36.023531,1,141,245,30,1148,139,55,24,369,197,293,197,128,34,8318,321,-46,367,186,30
-78.644263,37.398388,1,132,233,26,1104,108,82,10,303,246,297,246,133,37,7986,307,-46,353,226,26
-77.142592,37.26049,2,144,244,40,1126,123,78,14,335,244,331,259,125,36,7896,315,-27,342,237,99
-82.72554,36.555115,2,128,226,24,1146,118,67,13,322,235,309,289,131,38,7795,298,-42,340,207,135
-78.783748,35.725849,2,152,247,52,1148,120,77,13,333,248,333,278,126,38,7546,315,-16,331,247,106
-79.032439,35.901822,2,147,243,47,1161,114,82,11,329,253,329,278,132,38,7590,315,-24,339,243,101
-73.139063,43.893069,5,63,186,-69,1018,113,58,18,303,189,303,199,120,29,9850,266,-142,408,186,-57
-78.812609,36.229086,2,144,242,42,1131,113,79,11,319,253,319,267,132,38,7728,315,-29,344,242,98
-83.078422,40.259933,1,102,215,-22,953,105,52,21,305,179,292,179,120,32,9132,290,-84,374,195,-22
-76.664819,41.796595,1,80,192,-38,783,93,40,26,265,127,252,127,120,32,8889,272,-99,371,171,-38
-71.144618,42.370472,1,96,208,-19,1121,113,82,9,311,255,255,289,109,30,8769,281,-81,362,7,208
-76.450414,42.475939,1,75,188,-44,941,100,53,18,275,172,275,178,112,30,9024,264,-101,365,167,-35
-77.240515,39.154743,1,123,230,10,1021,101,69,12,288,217,285,217,120,33,8509,303,-53,356,210,10
-79.924498,43.647565,5,71,189,-53,850,87,54,13,246,176,239,185,98,26,9475,263,-103,366,181,-46
-79.769378,43.286944,5,84,202,-37,828,84,52,12,231,175,225,182,95,26,9330,272,-86,358,194,-31
-81.567869,41.135001,1,96,209,-24,949,99,54,17,287,184,280,184,110,30,9016,282,-80,362,188,-24
-82.86273,40.186019,1,101,214,-22,973,107,53,21,311,183,298,183,120,32,9118,289,-85,374,194,-22
-84.637892,39.201253,1,115,227,-7,1054,115,67,17,315,214,288,214,117,31,9034,300,-70,370,112,-7
-89.089594,37.277673,1,139,249,18,1203,125,74,15,363,250,292,283,117,31,8903,320,-48,368,139,202
-78.065833,38.407697,1,127,231,17,1078,104,72,12,305,222,305,222,130,36,8232,306,-53,359,231,17
-81.604378,41.307823,1,96,208,-25,961,96,55,16,284,189,278,189,108,29,9046,280,-81,361,187,-25
-80.224703,43.290077,5,74,192,-49,902,89,57,12,252,192,244,200,98,26,9418,266,-99,365,184,-42
-93.18117,36.086961,1,138,241,30,1182,141,62,20,363,225,285,225,123,34,8154,315,-41,356,135,30
-72.634788,41.361228,1,97,207,-16,1236,117,91,7,329,292,292,300,104,29,8616,276,-73,349,57,207
-84.66161,34.891672,2,124,216,25,1630,174,103,13,472,344,384,443,127,38,7408,285,-43,328,40,178
-94.156494,32.671817,2,181,272,84,1214,120,70,15,344,237,263,313,127,38,7296,341,13,328,221,266
-73.148346,44.374791,5,65,190,-71,937,108,47,22,297,159,297,165,112,27,10083,266,-139,405,190,-59
-72.809883,41.620338,1,99,211,-18,1210,111,87,7,321,282,292,286,111,30,8858,285,-78,363,86,-8
-79.884028,40.50716,1,98,208,-20,991,103,60,16,303,200,292,200,123,33,8802,286,-84,370,188,-20
-88.91701,37.341673,1,135,245,14,1195,123,74,15,361,248,294,277,119,32,8874,315,-52,367,135,198
-87.682809,41.45756,5,96,218,-42,962,107,36,29,310,142,303,142,110,27,10035,290,-106,396,151,-42
-71.577481,42.589231,1,85,200,-38,1118,114,87,8,309,265,265,278,121,31,9182,277,-106,383,40,200
-76.045823,42.784171,1,70,185,-52,1064,104,67,13,291,212,291,227,106,29,9191,258,-107,365,185,-43
-78.366931,38.900451,1,112,216,0,948,95,60,15,279,184,275,184,135,36,8332,296,-72,368,197,0
-80.892547,41.640883,1,89,200,-32,1019,102,54,17,294,189,294,197,110,30,8997,273,-91,364,200,-21
-79.925097,43.385209,5,74,193,-49,858,87,54,12,245,180,238,188,97,26,9408,266,-98,364,184,-42
-79.597931,41.715828,1,75,186,-45,1167,119,67,16,343,225,343,234,118,31,8950,264,-105,369,186,-34
-91.309319,36.993679,1,130,237,11,1158,120,64,17,346,244,281,244,144,36,8721,322,-72,394,131,11
-73.151944,44.1725,5,62,186,-72,980,112,51,21,304,170,304,179,115,28,9963,263,-142,405,186,-60
-81.389833,41.263004,1,94,206,-27,981,98,56,16,289,194,282,194,109,30,9051,278,-84,362,185,-27
-79.697217,40.733179,1,92,202,-27,1035,107,61,17,316,205,311,205,124,33,8822,281,-91,372,181,-27
-84.631401,36.640743,2,125,223,19,1344,130,86,11,370,292,347,331,133,38,7862,296,-53,349,204,183
-78.317842,37.31115,2,133,234,28,1101,106,81,9,301,255,300,255,134,37,7960,309,-44,353,227,46
-84.323423,40.016787,5,105,221,-21,947,101,55,20,295,183,277,183,112,30,9374,293,-80,373,201,-21
-77.340998,38.371474,1,132,238,22,1029,103,72,10,286,229,286,229,123,34,8317,310,-43,353,238,22
-70.959666,41.988244,1,99,207,-12,1205,120,85,10,338,266,273,316,106,30,8478,277,-72,349,14,182
-70.740623,43.342316,1,77,194,-48,1174,132,84,13,348,257,261,293,125,31,9304,276,-119,395,32,185
-76.407134,43.180868,5,82,200,-40,1022,103,67,12,290,213,260,235,100,27,9326,268,-95,363,101,-32
-73.261514,44.006213,5,72,196,-64,891,103,49,20,273,159,273,166,120,29,10014,277,-135,412,196,-51
-72.331943,43.748007,5,61,182,-70,965,95,60,13,268,194,268,205,127,30,9738,265,-146,411,182,-57
-67.288921,45.120995,1,59,169,-60,1150,126,78,15,346,242,242,304,103,28,8870,239,-119,358,23,169
-60.039694,46.036688,2,56,159,-43,1474,158,91,17,460,298,307,394,80,25,7912,218,-94,312,-9,121
-79.21495,42.366967,1,79,191,-40,1104,112,63,16,321,213,299,233,100,28,9009,259,-93,352,99,-32
-70.829322,42.565219,1,93,204,-21,1178,126,81,13,342,252,252,313,105,29,8717,274,-82,356,53,204
-68.528248,44.979466,5,61,182,-69,1065,115,80,12,311,244,249,271,117,29,9631,261,-139,400,17,-12
-72.239193,44.39653,5,43,166,-91,1101,121,63,18,337,208,337,225,114,28,9945,243,-161,404,166,-78
-69.973078,43.894868,1,76,193,-46,1142,122,77,13,333,243,246,292,106,28,9221,261,-113,374,34,185
-70.883104,41.648932,1,105,213,-3,1186,117,80,11,338,259,268,318,94,28,8412,277,-57,334,24,185
-86.071986,34.355579,2,149,243,48,1443,165,80,19,432,281,312,405,129,38,7586,312,-22,334,63,204
-72.442067,44.963945,5,49,175,-91,1094,121,60,19,339,203,339,218,113,27,10292,251,-161,412,175,-77
-81.184088,37.765263,2,103,200,-3,1091,125,75,15,327,237,317,240,121,36,7816,267,-69,336,182,59
-79.165528,43.152786,1,84,201,-36,900,93,61,11,245,198,235,212,93,26,9227,267,-85,352,158,-30
-73.511537,43.640637,5,67,188,-66,1041,110,63,14,293,210,293,214,122,29,9787,269,-139,408,188,-53
-71.854759,42.764333,1,68,184,-56,1166,113,87,7,313,271,297,280,119,31,9224,260,-123,383,23,-43
-76.81322,38.732892,1,130,234,20,1060,108,71,12,304,231,304,231,114,33,8298,302,-41,343,234,20
-72.614378,44.562633,5,53,178,-84,1040,116,56,19,323,189,323,202,114,28,10090,254,-153,407,178,-70
-75.912973,41.074054,1,79,188,-38,1122,112,69,16,332,219,325,222,111,30,8778,262,-97,359,169,-26
-72.414537,44.333683,5,49,173,-86,1046,116,59,18,321,196,321,210,115,28,9986,250,-156,406,173,-73
-77.735519,39.287764,1,116,225,2,1005,101,66,13,290,206,283,206,121,33,8588,299,-62,361,204,2
-79.333522,39.617856,1,82,184,-30,1209,124,81,13,353,265,345,265,121,34,8284,257,-94,351,165,-30
-72.767351,44.389835,5,52,175,-83,1070,119,58,19,329,195,329,207,111,27,9957,250,-151,401,175,-70
-72.986866,44.474927,5,54,177,-81,1061,120,56,20,329,188,329,198,110,27,9972,252,-149,401,177,-68
-72.267539,42.940131,5,68,185,-59,1079,101,75,9,292,239,292,246,129,32,9416,269,-133,402,185,-46
-72.942912,44.881712,5,60,186,-80,995,111,51,21,309,175,309,184,111,27,10281,261,-150,411,186,-67
-79.603814,38.956983,2,83,181,-24,1263,126,87,11,362,278,355,278,122,35,7960,252,-91,343,164,-24
-78.028437,42.595861,1,71,184,-50,929,105,49,21,278,161,278,174,117,31,9109,264,-110,374,184,-41
-76.051057,42.601321,1,70,185,-50,1036,103,64,13,287,204,287,217,107,29,9131,259,-105,364,164,-41
-79.615,43.948,5,68,188,-59,811,84,53,14,236,166,233,181,98,26,9643,261,-111,372,180,-52
-83.756465,37.881451,1,122,226,10,1221,132,73,15,356,261,340,279,132,36,8324,301,-61,362,207,132
-78.76783,44.40312,5,61,183,-73,839,79,56,11,230,174,227,194,104,26,9943,256,-133,389,174,-15
-73.300941,43.373153,5,73,196,-59,1018,111,59,16,295,199,295,205,126,30,9832,281,-133,414,196,-46
-78.719502,42.885552,1,85,200,-35,978,96,63,12,266,210,255,228,100,28,9172,269,-87,356,157,-28
-78.196727,44.499944,5,60,182,-74,825,79,55,11,225,174,215,186,106,26,9959,257,-137,394,81,-63
-72.696596,45.273747,5,58,187,-86,1015,110,54,18,307,188,307,201,111,26,10525,262,-156,418,187,-72
-76.757794,42.442922,1,73,186,-46,905,100,48,20,272,159,271,163,114,30,9007,264,-105,369,164,-37
-81.64639,40.91024,1,97,209,-23,945,102,54,19,291,180,283,180,112,30,9006,282,-81,363,188,-23
-71.773746,45.475293,5,44,171,-98,1069,122,59,19,333,202,333,221,117,27,10377,249,-171,420,171,-83
-72.524317,43.737931,5,54,174,-76,1086,108,69,12,297,224,297,237,127,31,9659,257,-152,409,174,-63
-65.081549,44.409075,2,63,156,-35,1340,149,87,19,432,270,273,406,86,28,7556,216,-87,303,-6,131
-71.211981,42.120174,1,94,206,-20,1189,120,86,9,331,265,272,307,114,31,8724,280,-84,364,6,182
-82.320298,41.41669,1,99,213,-24,897,93,51,18,270,175,269,175,107,29,9208,286,-79,365,191,-12
-70.302497,44.14288,5,71,192,-56,1146,122,84,12,330,253,260,285,112,28,9567,266,-126,392,26,183
-72.590698,42.809074,5,71,189,-57,1171,108,83,8,312,263,306,272,128,31,9492,273,-132,405,121,-44
-76.879136,39.314169,1,121,229,8,1094,109,75,10,303,240,292,240,118,33,8555,303,-54,357,208,8
-71.340814,42.539313,1,88,204,-34,1109,115,85,9,309,257,257,278,119,31,9155,281,-100,381,43,204
-77.482191,38.799207,1,128,235,16,996,99,69,10,278,216,276,216,122,34,8456,307,-49,356,228,16
-72.525398,43.023365,5,64,183,-65,1152,108,80,8,306,256,306,264,126,31,9549,266,-139,405,183,-52
-82.041327,36.423253,2,114,206,15,1232,125,88,11,351,269,343,278,129,39,7382,276,-54,330,188,70
-79.018058,40.569203,1,89,198,-30,1145,119,76,14,342,242,333,242,121,33,8801,274,-92,366,178,-30
-72.146119,41.958972,1,83,196,-36,1234,117,90,6,331,291,300,298,119,31,8913,271,-104,375,41,-24
-74.797786,44.15859,5,44,164,-88,1146,119,69,14,335,229,326,244,122,30,9795,241,-162,403,155,-77
-72.609378,44.206331,5,55,177,-79,988,109,57,17,298,188,298,199,118,29,9875,257,-149,406,177,-66
-82.813863,41.545485,5,99,218,-27,857,92,43,21,266,157,266,158,91,25,9522,280,-79,359,218,-16
-72.792219,42.856873,5,59,177,-68,1276,118,90,8,336,286,333,297,119,30,9441,255,-138,393,109,-56
-79.046347,44.035786,5,65,185,-64,825,83,53,13,234,170,232,187,96,25,9667,256,-118,374,176,-55
-73.088077,42.361238,1,64,179,-60,1208,114,85,9,330,266,326,271,112,29,9246,253,-124,377,158,-49
-68.988454,45.833599,5,23,154,-116,1142,116,70,15,325,226,325,243,115,27,10415,229,-191,420,154,-104
-70.906117,45.494492,5,32,158,-106,1031,119,59,19,326,199,326,211,106,26,10206,228,-173,401,158,-48
-73.134939,42.026154,1,71,186,-53,1231,114,88,8,327,275,324,282,115,30,9195,260,-118,378,119,-40
-91.161079,38.286102,1,125,237,1,1027,115,50,20,308,182,278,182,138,34,9053,319,-78,397,177,1
-74.142289,42.230475,1,64,178,-59,1164,113,76,11,324,247,314,249,110,29,9165,248,-123,371,157,-48
-80.136697,43.812286,5,60,179,-66,909,92,59,12,262,190,253,203,99,26,9561,253,-115,368,170,-58
-79.930511,38.627375,2,78,175,-29,1421,142,103,9,396,327,387,327,116,34,7894,240,-95,335,159,-29
-71.732251,44.757508,5,38,162,-99,1109,125,62,20,350,204,350,223,120,28,10112,241,-173,414,162,-86
-89.292335,46.344693,5,41,172,-104,833,102,30,33,283,118,283,124,126,28,10687,259,-176,435,172,-89
-70.21733,43.61958,1,80,195,-41,1141,126,78,14,338,240,242,292,109,29,9106,266,-108,374,38,188
-87.493837,46.640669,5,43,167,-90,802,95,39,23,254,142,231,143,114,28,10027,247,-156,403,122,-79
-71.285754,44.260679,5,25,143,-100,1505,152,108,9,414,334,392,353,107,28,9441,210,-170,380,-19,-90
-71.817662,45.128588,5,37,162,-102,1105,127,61,20,350,204,350,223,118,28,10226,239,-176,415,162,-88
-76.313577,44.258866,5,69,191,-64,915,93,60,13,262,199,221,219,101,26,9890,259,-127,386,92,-53
-63.931375,44.893549,1,59,167,-52,1399,151,93,18,446,290,291,418,98,28,8580,236,-109,345,-21,140
-72.111061,47.474592,3,24,160,-129,1133,127,68,20,357,212,351,246,104,24,11160,233,-198,431,148,-58
-79.857947,44.88203,5,60,180,-70,965,110,63,17,297,200,221,271,107,27,9776,255,-129,384,-38,-17
-67.76925,44.621028,1,63,173,-56,1243,137,78,17,381,247,247,336,110,29,8878,245,-123,368,-25,173
-76.229392,44.772567,5,61,188,-80,870,84,57,11,240,185,222,204,102,25,10375,258,-144,402,84,-68
-78.191489,40.028454,1,96,204,-20,983,98,63,14,291,196,274,196,117,32,8677,280,-79,359,184,-20
-75.541938,42.420477,1,69,182,-52,1033,102,63,14,292,204,290,211,116,31,9084,259,-113,372,161,-42
-72.719538,44.060594,5,48,168,-83,1121,120,66,15,327,218,327,231,117,29,9701,245,-154,399,168,-71
-72.836662,44.652127,5,57,182,-79,1018,116,52,21,320,177,320,186,110,27,10073,256,-148,404,182,-67
-69.830353,44.004757,1,74,191,-50,1132,121,79,12,329,248,251,279,111,29,9323,263,-117,380,31,184
-89.278108,35.015081,2,154,252,47,1377,141,79,19,413,261,286,369,125,36,7897,321,-22,343,154,210
-75.651973,45.644069,3,53,187,-97,902,88,58,13,259,181,259,200,98,23,10973,256,-162,418,187,-82
-62.596668,46.241112,1,58,171,-54,1107,122,78,16,346,239,250,297,85,24,8863,237,-108,345,28,140
-78.231844,45.189753,5,39,166,-103,928,90,60,14,262,188,257,204,110,26,10436,240,-172,412,117,-90
-71.061298,44.054039,5,55,177,-76,1241,128,89,10,351,276,312,295,129,31,9734,259,-155,414,8,-62
-76.027962,44.512093,5,64,190,-74,889,87,58,12,248,189,225,209,102,25,10222,259,-138,397,87,-63
-68.206933,44.361376,1,68,182,-54,1248,142,77,17,384,244,244,338,108,28,9106,255,-120,375,-23,182
-71.783372,44.558033,5,39,163,-97,1112,124,63,19,347,206,347,225,120,29,10050,241,-170,411,163,-83
-78.68085,45.553949,5,35,164,-109,980,98,62,14,282,193,269,220,112,26,10601,241,-179,420,115,-44
-60.828193,46.742042,1,38,143,-64,1404,156,90,18,444,288,305,355,75,23,8124,205,-114,319,-28,109
-80.211627,45.361722,5,56,180,-78,1009,119,58,19,312,204,218,288,102,25,10069,251,-143,394,14,155
-71.422958,43.671313,5,60,180,-71,1143,115,81,10,316,249,296,266,134,32,9620,266,-150,416,13,-56
-78.82208,44.921183,5,51,175,-88,938,93,62,12,263,191,245,222,109,26,10231,250,-154,404,73,-27
-70.510176,45.419041,5,21,147,-115,1087,119,64,17,332,212,332,225,106,26,10131,216,-183,399,147,-103
-73.681346,43.894101,5,55,175,-76,1032,113,62,16,302,201,299,207,122,30,9708,254,-149,403,165,-64
-69.383287,44.447175,5,67,187,-61,1141,122,78,12,332,256,265,269,117,29,9584,264,-132,396,22,-49
-73.362008,42.19598,1,73,188,-50,1114,104,73,11,308,237,308,242,122,31,9159,267,-116,383,167,-38
-73.971849,44.251456,5,38,157,-91,1096,122,64,17,331,210,328,219,117,29,9646,232,-162,394,147,-81
-84.676498,41.700596,5,85,203,-42,903,96,45,22,279,159,276,159,115,30,9495,279,-100,379,183,-42
-82.563545,36.608461,2,131,229,28,1119,117,67,13,318,232,306,277,131,38,7784,301,-40,341,210,138
-75.114988,40.595167,1,102,213,-13,1187,116,76,11,331,258,327,258,121,32,8749,292,-75,367,205,-13
-80.818825,42.644976,1,82,196,-39,955,93,55,14,261,192,258,204,97,27,9171,265,-90,355,190,-31
-73.91372,43.108064,5,73,193,-57,1071,102,67,11,292,229,288,230,118,29,9638,272,-126,398,125,-44
-78.310167,44.688362,5,52,176,-86,881,85,59,11,243,186,232,201,107,26,10166,250,-151,401,73,-74
-75.839889,44.475617,5,68,192,-69,911,90,59,13,257,193,231,213,104,26,10091,263,-133,396,90,-57
-78.385063,42.673103,1,72,185,-49,1034,102,61,14,286,203,286,222,110,30,9076,259,-105,364,185,-40
-78.447827,44.913263,5,48,173,-91,918,89,61,12,255,190,244,211,108,26,10267,247,-158,405,70,-29
-76.814072,38.001494,1,140,243,32,1071,106,75,12,304,239,302,239,115,33,8159,311,-31,342,236,32
-71.185287,42.865952,1,82,198,-41,1098,116,80,10,309,252,263,262,122,31,9221,277,-111,388,36,-29
-83.309133,46.313352,5,47,170,-87,868,98,47,18,266,168,229,183,107,26,10069,250,-154,404,125,-79
-76.051757,40.619423,1,96,207,-22,1171,117,74,13,340,245,324,252,117,31,8838,283,-83,366,186,-9
-89.607672,44.453128,3,64,197,-85,815,104,25,42,304,85,294,85,119,27,10911,277,-159,436,185,-85
-80.94869,35.401279,2,151,248,51,1152,115,80,10,310,262,309,286,130,38,7608,317,-19,336,66,157
-72.563444,42.285684,1,87,204,-37,1114,101,79,7,295,251,289,256,123,31,9280,284,-105,389,136,-24
-73.903543,41.355916,1,96,210,-23,1175,106,79,8,311,259,308,259,113,30,9031,285,-84,369,202,-12
-75.333538,45.509862,3,54,188,-96,905,89,58,14,260,182,260,201,99,23,10958,257,-161,418,188,-81
-84.474993,46.626013,5,37,158,-97,922,100,51,19,279,171,252,203,105,26,9972,235,-159,394,118,-43
-71.74277,43.73196,5,57,177,-73,1074,105,72,12,294,222,294,237,129,31,9645,261,-150,411,177,-59
-81.425378,41.579433,1,94,206,-27,982,96,54,16,278,188,278,196,103,28,9058,275,-83,358,206,-17
-60.413887,46.657776,1,47,152,-53,1415,156,89,18,449,288,302,366,79,24,8054,215,-104,319,-19,116
-78.175605,44.800287,5,52,176,-86,881,85,59,11,243,186,232,201,107,26,10166,250,-151,401,73,-74
-85.709358,35.661489,2,139,236,36,1443,156,87,15,407,290,330,390,126,37,7733,305,-32,337,52,196
-73.134124,44.623908,5,64,190,-73,925,107,47,22,294,158,294,164,110,27,10157,265,-141,406,190,-60
-79.024899,45.087295,5,48,172,-90,987,101,63,14,285,198,247,242,112,27,10209,249,-157,406,71,-30
-72.918372,43.236116,5,54,172,-73,1273,125,84,11,346,271,346,283,118,29,9494,250,-144,394,172,-62
-76.025755,45.438804,3,56,189,-93,830,79,53,13,236,167,234,185,104,24,10910,260,-161,421,178,-79
-76.991285,45.073138,5,50,180,-92,883,84,59,11,242,186,232,202,104,25,10566,255,-160,415,130,-81
-73.69503,41.279913,1,101,212,-16,1212,111,83,8,319,273,308,273,110,30,8835,285,-76,361,90,-16
-83.519133,35.323831,2,109,196,16,1744,181,115,10,490,384,426,463,133,41,6972,265,-57,322,30,161
-76.472033,38.442809,1,137,242,28,1081,109,78,11,305,245,304,246,106,31,8281,305,-30,335,235,93
-70.445648,43.393641,1,83,199,-39,1149,131,79,15,345,241,245,292,115,30,9181,275,-106,381,40,191
-63.122363,45.596577,1,52,162,-63,1245,131,88,14,378,273,283,343,98,27,8797,235,-119,354,-31,84
-60.58314,46.144485,1,55,159,-47,1435,159,90,18,459,293,303,371,83,25,8124,222,-101,323,-12,126
-63.26447,45.423705,1,56,164,-57,1227,128,85,14,373,267,278,343,104,29,8678,240,-117,357,-25,88
-74.901925,41.797639,1,74,187,-48,1131,113,72,12,321,234,311,240,120,31,9092,264,-115,379,166,-36
-84.83104,33.515195,2,159,249,64,1321,149,77,18,403,257,316,370,130,40,7184,316,-6,322,79,212
-76.82267,39.001986,1,128,236,16,1080,106,73,11,302,237,302,237,116,32,8505,307,-45,352,236,16
-84.784655,33.799634,2,155,247,59,1351,151,80,17,409,264,321,376,128,39,7278,313,-10,323,74,208
-84.371278,42.718997,5,81,201,-48,784,88,35,26,242,126,242,126,110,28,9637,278,-104,382,201,-48
-94.35175,31.393451,2,185,271,90,1212,129,72,15,338,258,265,321,133,40,6995,344,16,328,223,267
-92.081928,34.860805,1,162,263,52,1262,134,81,18,395,259,259,300,119,34,8129,332,-16,348,163,263
-91.346297,34.061463,2,170,267,64,1299,139,75,18,390,251,262,348,121,35,7845,337,-4,341,172,226
-92.250664,32.651207,2,178,269,83,1321,138,74,17,386,248,276,373,129,39,7257,338,13,325,178,231
-80.737438,35.415448,2,151,248,51,1143,113,79,10,310,259,310,282,131,38,7629,318,-21,339,248,103
-78.847273,36.052333,2,146,243,44,1150,113,80,11,323,255,323,276,133,38,7678,316,-27,343,243,100
-85.970776,35.223581,2,138,234,35,1507,166,94,16,435,300,332,415,124,36,7726,302,-34,336,51,195
-116.663384,32.846224,4,127,206,63,633,117,3,78,333,32,46,305,147,48,5693,300,-2,302,68,175
-105.568458,38.076972,2,13,113,-84,550,80,29,33,203,98,197,98,155,41,7695,208,-170,378,107,-84
-105.584725,41.321205,1,48,157,-50,344,50,12,46,141,37,128,37,151,39,8124,262,-120,382,131,-50
-116.519108,43.455037,1,107,216,1,246,28,7,30,81,34,40,72,147,37,8285,328,-59,387,7,207
-105.227798,39.771572,2,71,172,-22,448,64,14,41,171,51,157,51,166,42,7597,276,-111,387,148,-22
-99.995986,49.822242,3,23,179,-155,459,73,16,55,211,53,211,54,128,25,12958,266,-239,505,179,-124
-114.134117,51.13802,1,31,143,-86,436,83,14,60,203,49,203,52,131,32,8996,228,-169,397,143,-73
-97.651947,35.261391,1,160,268,45,865,135,29,40,318,108,238,108,131,34,8608,345,-32,377,207,45
-99.56985,36.55517,5,143,261,21,587,96,12,51,241,55,217,55,149,35,9280,346,-68,414,237,21
-105.892387,35.688617,2,83,181,-11,435,80,21,54,203,65,189,65,162,43,7492,277,-96,373,173,-11
-108.456612,50.457977,3,37,175,-113,347,67,14,55,156,44,153,50,126,27,11233,263,-190,453,153,-27
-102.50951,48.619124,3,32,179,-132,412,74,10,63,195,33,185,33,134,27,12003,271,-211,482,155,-132
-107.709537,32.105856,2,159,258,62,233,52,4,80,135,16,111,42,185,48,7669,352,-33,385,248,153
-104.400125,38.686802,1,91,203,-14,374,69,7,68,184,24,184,24,166,40,8427,304,-103,407,203,-14
-106.370834,44.41111,5,68,192,-55,355,63,12,56,164,39,121,39,160,36,9513,301,-143,444,116,-55
-107.790738,33.071933,2,95,182,12,446,94,9,74,249,41,210,73,182,50,6624,280,-79,359,174,85
-105.597194,40.024082,2,-5,92,-92,705,75,42,16,211,146,187,161,137,39,7330,184,-160,344,-26,5
-105.735116,52.489277,3,14,166,-157,389,66,16,53,177,55,177,55,117,24,12701,247,-231,478,166,-139
-104.830721,40.30284,1,97,213,-15,358,63,9,55,156,30,128,30,162,38,8814,315,-104,419,188,-15
-103.707289,52.5418,3,3,158,-174,457,71,16,49,200,59,200,59,114,23,13018,235,-254,489,158,-174
-105.571987,40.37102,2,15,112,-74,570,63,34,22,177,110,173,110,146,41,7360,211,-143,354,88,-74
-105.120298,38.880157,2,12,112,-82,574,90,20,46,234,73,234,73,154,41,7602,207,-166,373,112,-82
-111.621405,40.571372,2,29,132,-63,866,104,38,33,297,121,121,291,132,37,7713,229,-126,355,-55,132
-106.935897,38.827725,1,6,116,-111,513,53,29,17,147,100,133,141,176,40,8865,223,-216,439,111,47
-110.311199,44.937812,1,5,114,-101,575,66,37,18,177,123,161,134,157,38,8389,228,-175,403,88,-52
-107.142175,39.133159,2,-16,85,-112,663,68,37,16,181,138,165,175,148,39,7840,178,-198,376,81,13
-109.879425,33.281212,2,133,227,45,458,80,10,54,201,39,169,115,172,47,7144,324,-40,364,221,166
-104.727823,37.982757,1,100,207,-2,394,60,14,45,155,50,155,50,172,42,8095,310,-92,402,207,-2
-110.720825,44.93377,1,3,113,-104,615,68,40,15,178,135,162,157,151,37,8509,224,-174,398,86,71
-111.860699,48.841731,5,59,177,-62,318,65,7,70,157,27,140,27,141,34,9277,273,-138,411,153,-62
-107.77607,47.743428,3,62,199,-80,310,58,8,67,155,29,130,29,159,33,10719,307,-168,475,172,-64
-105.73819,34.009121,2,109,206,16,373,76,13,66,193,50,180,54,170,46,7379,302,-67,369,196,61
-98.258216,44.226049,3,75,219,-79,526,86,10,57,232,38,209,38,131,28,11536,306,-159,465,194,-79
-111.411663,34.742387,2,81,174,-5,632,87,13,41,224,66,183,179,156,44,7023,270,-80,350,169,109
-111.979348,41.387284,1,50,161,-56,602,63,26,24,181,96,96,178,146,36,8460,272,-125,397,-42,161
-110.560028,43.859734,1,10,125,-103,612,75,34,24,208,112,121,201,162,38,8876,242,-181,423,-89,118
-100.708328,50.727363,3,8,161,-167,498,79,20,50,218,66,218,66,116,23,12776,242,-243,485,161,-167
-112.036826,40.657289,1,87,202,-21,532,61,25,25,174,85,85,139,134,34,8680,305,-84,389,73,202
-119.624611,49.330117,1,78,182,-27,294,33,16,21,86,59,83,82,116,32,8139,275,-78,353,-20,78
-99.9738,50.635587,3,5,157,-168,513,82,19,53,229,64,229,64,119,24,12611,238,-247,485,157,-168
-111.691674,35.101448,2,80,174,-5,585,78,13,38,201,67,164,166,163,45,7018,274,-82,356,169,108
-108.296778,53.052663,3,8,155,-162,402,74,14,60,198,54,198,58,119,24,12455,234,-245,479,155,-58
-99.887711,37.095073,5,138,259,15,559,86,12,53,240,47,223,47,160,37,9450,352,-78,430,235,15
-101.166737,36.812468,1,137,254,23,467,75,10,60,216,36,201,36,162,39,8982,347,-67,414,230,23
-87.793647,33.334841,2,165,259,66,1467,168,85,20,447,272,326,421,136,40,7487,330,-7,337,119,220
-78.633261,34.460114,2,164,251,70,1261,165,71,27,436,226,436,275,130,40,7004,315,-4,319,251,123
-88.196625,32.607582,2,174,262,79,1428,163,83,21,435,264,327,415,137,41,7107,333,3,330,131,225
-94.261334,31.304717,2,185,269,91,1254,132,76,15,349,269,282,339,134,40,6909,343,16,327,104,265
-78.978952,36.014073,2,146,243,44,1150,113,80,11,323,255,323,276,133,38,7678,316,-27,343,243,100
-85.609509,32.478837,2,175,260,82,1369,163,68,22,424,259,338,391,130,41,6900,325,10,315,98,227
-86.045589,32.255048,2,179,264,88,1353,159,67,20,413,263,333,385,127,40,6864,329,19,310,103,185
-78.644317,37.398405,1,132,233,26,1104,108,82,10,303,246,297,246,133,37,7986,307,-46,353,226,26
-80.914111,35.35884,2,151,248,51,1152,115,80,10,310,262,309,286,130,38,7608,317,-19,336,66,157
-80.493187,35.461628,2,152,247,51,1154,115,78,11,323,256,323,280,133,39,7581,319,-21,340,247,104
-78.796048,35.844291,2,150,246,49,1134,115,77,13,323,246,323,274,128,38,7606,316,-20,336,246,104
-79.090902,35.872629,2,147,243,47,1161,114,82,11,329,253,329,278,132,38,7590,315,-24,339,243,101
-82.883411,36.495898,2,131,228,27,1144,117,65,14,319,231,305,293,134,38,7786,303,-41,344,210,137
-80.193051,32.788114,2,184,265,96,1266,174,63,32,471,222,471,261,110,37,6577,322,29,293,265,146
-86.740799,33.344231,2,165,257,67,1427,160,77,18,422,276,334,394,129,39,7350,326,-4,330,83,219
-77.565551,39.668056,1,108,219,-9,1042,103,70,11,296,219,280,219,117,32,8775,293,-69,362,156,-9
-77.392287,39.06161,1,124,232,11,1001,98,68,12,281,212,280,212,122,33,8529,306,-53,359,210,11
-84.694281,39.39173,1,111,223,-11,1048,116,65,18,316,213,290,213,122,32,9057,299,-76,375,203,-11
-80.966717,33.859751,2,174,263,80,1177,137,66,22,382,220,382,282,131,40,7128,333,8,325,263,127
-94.146996,32.683019,2,181,272,84,1214,120,70,15,344,237,263,313,127,38,7296,341,13,328,221,266
-84.382331,30.694748,2,193,267,111,1423,173,68,23,456,256,456,357,132,45,6089,330,37,293,267,154
-78.317134,37.311143,2,133,234,28,1101,106,81,9,301,255,300,255,134,37,7960,309,-44,353,227,46
-94.118233,31.052139,2,185,268,93,1304,137,81,15,360,276,302,352,135,41,6791,342,17,325,224,237
-77.197495,37.329765,2,143,244,39,1123,121,80,13,332,247,326,257,127,36,7916,317,-29,346,236,97
-82.956109,38.726429,1,118,224,3,1045,109,66,16,307,224,301,225,128,35,8518,299,-64,363,205,127
-78.909601,36.204453,2,143,240,40,1136,113,80,11,319,257,319,269,132,38,7722,314,-31,345,240,97
-78.994392,37.977007,2,115,216,10,1133,110,78,11,310,239,301,239,127,36,7941,289,-57,346,208,10
-77.534187,38.622518,1,129,235,18,1021,100,71,10,281,221,281,221,125,34,8390,308,-50,358,235,18
-90.910917,33.712348,2,169,267,62,1341,143,70,21,403,233,269,380,118,35,7934,333,-4,337,170,225
-78.6707,35.5951,2,154,248,54,1166,128,78,15,350,246,350,280,126,38,7496,315,-15,330,248,108
-82.162018,36.543892,2,123,219,22,1148,119,79,12,331,249,321,263,133,39,7605,291,-48,339,200,78
-84.842887,34.846332,2,147,244,45,1413,155,90,15,415,297,321,391,132,38,7710,315,-26,341,61,204
-83.324593,39.156124,1,113,220,-4,1055,114,67,17,313,215,296,215,120,33,8670,292,-68,360,110,-4
-83.533953,38.11284,1,122,226,10,1187,132,72,16,353,251,337,268,134,36,8348,303,-61,364,206,132
-87.24047,32.69393,2,174,262,81,1412,157,75,19,438,269,327,414,127,40,7061,327,10,317,96,226
-84.901649,30.625308,2,193,267,112,1462,181,77,24,478,264,478,350,132,45,6048,330,38,292,267,156
-79.933606,35.721518,2,152,248,51,1142,113,76,12,324,252,324,276,127,37,7599,318,-18,336,248,106
-90.986755,30.475242,2,194,269,111,1588,166,86,15,445,326,444,428,122,42,6191,330,41,289,265,200
-78.436203,38.081744,1,133,234,25,1119,114,76,13,318,234,315,234,126,35,8095,309,-43,352,227,25
-76.769091,39.095092,1,128,236,16,1080,106,73,11,302,237,302,237,116,32,8505,307,-45,352,236,16
-77.481834,38.799305,1,128,235,16,996,99,69,10,278,216,276,216,122,34,8456,307,-49,356,228,16
-92.429533,34.99114,1,163,265,55,1263,135,78,18,389,259,259,295,127,35,8119,338,-18,356,163,265
-83.757187,37.881185,1,122,226,10,1221,132,73,15,356,261,340,279,132,36,8324,301,-61,362,207,132
-78.478168,35.623411,2,156,249,57,1179,134,77,17,359,239,359,278,129,39,7429,318,-12,330,249,110
-77.205446,38.634743,1,132,238,22,998,104,71,11,282,224,281,224,117,33,8383,306,-41,347,231,22
-71.792204,42.704216,1,77,193,-47,1129,113,85,8,310,265,277,274,122,31,9255,271,-117,388,31,-34
-83.382783,33.987083,2,163,254,67,1256,138,85,15,379,262,304,342,129,39,7227,323,-2,325,82,168
-77.826726,38.114809,1,132,235,24,1080,105,76,10,301,238,301,238,128,36,8127,307,-46,353,235,24
-72.83413,41.57454,1,94,206,-23,1233,113,88,7,327,285,300,289,113,31,8857,280,-84,364,82,-12
-82.57328,39.441413,1,106,214,-13,1030,114,61,20,317,199,302,199,126,34,8766,290,-80,370,195,-13
-78.2464,34.6179,2,166,252,72,1297,180,70,29,462,229,462,279,129,40,6981,316,0,316,252,125
-79.304014,37.110676,2,134,234,29,1086,106,81,9,294,247,290,247,131,37,7894,307,-39,346,227,47
-72.639687,41.333253,1,103,211,-8,1182,113,89,8,316,278,278,291,102,29,8513,278,-64,342,64,211
-83.413664,32.474398,2,182,267,91,1158,124,57,20,349,210,325,331,133,42,6817,335,19,316,106,185
-74.298719,41.141504,1,99,210,-19,1246,119,82,10,334,271,326,271,115,31,8856,285,-81,366,145,-19
-78.579663,38.692008,1,110,213,0,962,96,61,15,280,187,278,187,133,36,8229,292,-72,364,194,0
-72.276267,41.666605,1,92,200,-22,1243,120,91,8,335,293,293,304,112,31,8604,272,-86,358,51,200
-88.041065,36.8957,1,141,246,25,1279,127,81,14,370,263,295,324,121,33,8508,317,-45,362,142,202
-83.882479,37.762054,1,125,228,13,1209,128,72,15,349,262,333,278,130,36,8303,302,-58,360,209,134
-75.184179,41.082925,1,85,197,-33,1155,110,75,11,320,246,315,249,122,32,8889,276,-97,373,176,-21
-74.816794,39.113638,1,125,228,21,1070,114,78,11,291,249,287,257,102,31,8082,289,-38,327,224,142
-72.120697,41.532935,1,95,203,-19,1231,120,89,8,335,284,284,306,114,31,8595,276,-84,360,54,203
-75.743136,39.113145,1,126,231,17,1092,111,75,11,310,246,306,246,114,33,8294,303,-42,345,225,17
-76.472033,38.442809,1,137,242,28,1081,109,78,11,305,245,304,246,106,31,8281,305,-30,335,235,93
-89.60141,35.064178,2,157,256,50,1339,140,78,19,406,253,275,357,121,35,7979,324,-17,341,158,213
-87.323198,39.482094,5,114,230,-13,1051,120,59,22,334,196,313,196,119,31,9414,303,-79,382,211,-13
-85.780193,32.532667,2,171,256,78,1425,170,72,22,444,268,342,411,131,41,6921,322,5,317,93,224
-88.992467,37.531593,1,130,240,9,1181,123,74,16,358,247,294,268,120,32,8904,312,-58,370,130,195
-84.262719,30.527386,2,194,268,114,1453,182,69,25,483,259,483,354,133,45,6021,330,39,291,268,157
-84.8643,33.509659,2,156,245,61,1368,154,80,17,415,263,323,383,133,41,7134,313,-11,324,77,208
-82.267024,31.985914,2,188,266,103,1188,144,61,26,403,205,403,299,136,44,6351,336,28,308,266,195
-90.216328,32.312669,2,178,265,84,1331,140,69,21,395,232,296,392,129,40,7053,332,13,319,178,229
-86.147146,34.875323,2,140,235,37,1516,170,91,17,445,298,329,422,127,37,7667,304,-32,336,53,196
-90.438535,35.698475,1,157,263,40,1244,132,78,19,386,248,248,308,116,32,8575,333,-26,359,159,263
-84.597882,34.09777,2,152,246,54,1357,152,85,17,409,273,318,377,127,38,7427,312,-15,327,69,158
-94.043598,31.274278,2,184,268,90,1285,135,79,15,357,273,291,350,136,41,6903,342,14,328,104,236
-92.322695,34.793818,1,165,266,57,1260,134,80,17,390,258,258,306,120,34,8089,335,-12,347,165,266
-86.58635,34.451159,2,151,246,49,1443,165,82,18,426,280,314,400,129,38,7635,316,-21,337,66,207
-106.928007,25.648167,4,136,172,92,1176,262,16,79,666,66,603,215,145,60,3205,252,13,239,167,136
-110.295583,29.904981,2,211,285,135,479,146,6,104,303,28,277,87,171,51,5973,379,44,335,280,201
-108.321378,28.385116,4,138,196,78,823,222,10,100,531,44,488,116,178,57,4707,291,-19,310,191,128
-107.687142,27.909504,4,112,171,53,816,213,15,87,486,55,438,128,182,58,4689,266,-47,313,167,102
-108.411655,28.195688,4,164,221,104,808,218,9,102,534,42,485,108,176,56,4687,318,8,310,215,156
-79.460886,33.063497,2,180,260,94,1320,173,68,29,469,251,469,276,117,39,6473,319,24,295,260,144
-94.384639,31.208777,2,187,271,93,1220,130,73,15,341,261,271,324,133,41,6912,344,20,324,225,267
-95.012368,31.294704,2,188,273,95,1120,121,65,15,319,246,246,274,132,40,6899,347,22,325,226,273
-85.678695,32.534709,2,171,256,78,1425,170,72,22,444,268,342,411,131,41,6921,322,5,317,93,224
-88.964098,37.356761,1,135,245,14,1195,123,74,15,361,248,294,277,119,32,8874,315,-52,367,135,198
-84.986831,30.277201,2,196,268,117,1525,200,82,28,531,273,530,340,128,45,5916,328,45,283,265,161
-80.197816,32.792756,2,184,265,96,1266,174,63,32,471,222,471,261,110,37,6577,322,29,293,265,146
-88.840529,37.24252,1,139,248,19,1207,123,74,15,363,248,292,287,119,32,8834,319,-47,366,139,202
-94.11448,31.022589,2,185,268,93,1304,137,81,15,360,276,302,352,135,41,6791,342,17,325,224,237
-82.747594,35.42159,2,109,197,16,1586,158,120,8,423,371,416,375,127,39,6977,264,-54,318,107,67
-78.763,36.2022,2,144,242,42,1131,113,79,11,319,253,319,267,132,38,7728,315,-29,344,242,98
-82.627943,35.55814,2,125,216,29,1163,117,83,12,322,255,322,262,134,40,7230,288,-44,332,216,81
-90.927901,33.712285,2,169,267,62,1341,143,70,21,403,233,269,380,118,35,7934,333,-4,337,170,225
-86.077065,34.881966,2,140,235,37,1516,170,91,17,445,298,329,422,127,37,7667,304,-32,336,53,196
-97.320839,19.58374,4,126,146,101,630,135,15,71,303,48,183,60,134,68,1783,222,27,195,136,101
-96.361555,29.638032,2,201,279,112,1044,129,60,24,312,205,256,221,127,40,6468,351,38,313,237,161
-87.702205,37.990882,1,135,245,15,1124,122,71,17,348,230,278,250,118,32,8886,317,-50,367,134,199
-97.584547,29.585379,2,202,283,111,869,115,41,33,299,159,205,164,131,40,6683,358,35,323,239,127
-84.004721,39.763496,1,113,228,-11,975,103,60,18,297,194,279,194,109,29,9248,296,-69,365,207,-11
-82.753505,39.88423,1,106,218,-16,981,106,56,20,308,188,295,188,118,31,9041,292,-79,371,198,-16
-86.283145,39.865792,5,107,223,-21,1017,113,58,20,315,194,301,194,115,30,9449,296,-84,380,204,-21
-95.693016,30.274124,2,197,279,106,1122,130,73,20,323,235,256,254,121,38,6683,348,37,311,235,122
-83.557572,40.845875,5,99,216,-28,896,101,48,22,289,166,277,166,110,29,9448,289,-85,374,196,-28
-89.05844,37.735524,1,130,241,8,1132,118,72,16,343,242,287,247,122,32,8993,314,-61,375,130,195
-88.917332,37.341366,1,135,245,14,1195,123,74,15,361,248,294,277,119,32,8874,315,-52,367,135,198
-97.207031,36.180008,1,152,266,33,859,129,26,41,313,99,259,99,131,33,9040,346,-46,392,242,33
-88.211287,40.128643,5,109,229,-24,970,112,48,24,312,164,302,164,113,29,9819,299,-87,386,210,-24
-83.077689,40.257805,1,102,215,-22,953,105,52,21,305,179,292,179,120,32,9132,290,-84,374,195,-22
-97.426138,35.242938,1,160,267,46,881,138,30,40,325,112,240,112,130,34,8578,345,-31,376,207,46
-95.902362,36.225789,1,153,265,35,987,128,37,33,333,134,268,134,129,33,8897,341,-42,383,202,35
-82.611035,41.731505,5,98,216,-27,869,89,46,19,259,163,259,170,89,25,9481,279,-77,356,216,-17
-82.775648,41.633064,5,99,218,-27,857,92,43,21,266,157,266,158,91,25,9522,280,-79,359,218,-16
-81.861905,40.970211,1,94,205,-27,950,102,52,20,296,178,288,178,112,30,8973,279,-83,362,185,-27
-87.141897,36.312156,1,140,242,30,1282,137,76,15,369,254,295,337,137,37,8208,318,-45,363,139,200
-96.398613,33.58139,1,171,272,64,1046,146,50,31,352,183,232,183,123,34,8015,343,-9,352,214,64
-97.136309,32.778408,2,186,286,82,874,125,47,31,302,155,191,157,121,34,7901,355,9,346,228,95
-86.774422,34.993556,2,148,245,44,1432,164,87,18,417,278,310,392,130,37,7757,316,-27,343,148,205
-94.646402,31.629425,2,184,272,89,1182,127,67,15,332,248,252,306,131,39,7063,344,16,328,223,267
-90.3192,32.3084,2,178,265,84,1331,140,69,21,395,232,296,392,129,40,7053,332,13,319,178,229
-87.989449,33.748671,2,158,252,57,1503,169,87,20,448,279,321,433,142,41,7531,327,-19,346,113,214
-79.453309,34.802545,2,163,255,64,1186,146,73,21,389,234,389,277,133,39,7371,324,-9,333,255,118
-82.404327,29.68208,4,203,267,130,1330,201,56,42,545,190,545,276,131,47,5378,329,54,275,267,172
-82.494171,29.07276,4,209,269,141,1372,203,55,45,577,192,577,252,133,50,5016,330,64,266,269,180
-72.783786,40.981737,1,108,213,1,1143,107,82,9,310,259,271,293,94,28,8279,274,-51,325,26,187
-85.970009,40.021301,5,104,221,-25,995,110,55,20,305,187,295,187,114,29,9516,293,-88,381,201,-25
-84.275752,30.728745,2,193,267,112,1413,171,65,24,455,253,455,356,133,45,6079,331,37,294,267,155
-82.623127,39.8637,1,104,215,-19,1003,109,57,20,315,191,302,191,121,32,9028,291,-83,374,196,-19
-86.505994,31.260451,2,181,260,94,1540,167,77,19,443,298,437,410,140,44,6495,328,16,312,108,187
-84.114428,40.175885,5,100,217,-27,945,100,53,21,297,177,283,177,112,29,9429,287,-87,374,196,-27
-90.114874,38.67261,5,129,248,1,958,103,49,19,290,178,268,178,115,29,9535,318,-66,384,227,1
-83.306524,39.925949,1,106,218,-17,958,105,55,20,300,183,284,183,118,31,9114,291,-79,370,199,-17
-75.262811,38.693529,1,129,231,23,1097,121,79,12,307,248,306,263,108,32,8079,295,-37,332,225,144
-94.267815,46.36626,3,46,193,-120,689,104,15,53,293,55,293,55,126,26,12053,274,-206,480,193,-120
-95.960141,31.840758,2,190,278,93,1022,123,51,23,311,194,194,229,130,38,7160,356,19,337,228,278
-95.499145,32.145691,2,188,276,91,1073,124,52,21,323,208,208,249,127,38,7131,350,18,332,187,276
-82.91569,31.959639,2,185,266,96,1168,131,55,23,366,200,366,316,135,43,6598,334,22,312,266,191
-87.628953,36.900742,1,140,245,25,1250,129,75,15,365,250,289,324,122,33,8504,316,-43,359,140,201
-87.442944,41.688386,5,100,221,-32,929,100,38,25,292,149,292,149,102,26,9770,289,-91,380,221,-32
-72.721836,40.809531,1,109,213,3,1141,108,80,10,309,257,272,293,93,28,8183,272,-49,321,28,187
-86.717367,41.204729,5,97,216,-34,970,108,44,24,305,161,305,161,115,29,9667,291,-98,389,216,-34
-89.816567,39.919708,5,113,234,-23,914,97,40,25,288,148,276,148,115,29,9902,306,-88,394,215,-23
-85.354307,42.4876,5,87,208,-43,912,98,39,23,277,148,273,155,112,29,9700,286,-99,385,198,-29
-87.898636,42.955882,5,83,206,-50,828,94,32,29,276,123,276,123,96,25,9905,272,-111,383,206,-50
-95.445688,45.629231,3,59,205,-107,569,84,15,53,248,50,248,50,119,25,12042,284,-185,469,205,-107
-87.805544,42.466543,5,86,205,-43,869,98,32,29,287,130,287,130,97,26,9617,268,-105,373,205,-43
-88.423903,43.173585,5,74,202,-70,808,101,26,37,295,98,286,98,110,26,10455,279,-137,416,191,-70
-85.352841,37.092144,1,135,237,23,1335,130,78,13,373,287,348,329,129,36,8220,310,-47,357,218,194
-86.508575,38.011968,1,127,236,8,1188,120,74,15,352,256,315,261,121,33,8788,307,-58,365,125,191
-86.914353,35.845497,1,140,242,32,1321,140,79,15,382,266,302,348,136,37,8113,317,-41,358,139,200
-101.915131,21.981787,4,169,200,129,502,117,6,93,301,25,216,37,164,63,2815,294,34,260,196,160
-98.111591,20.119434,4,144,166,118,1319,266,25,78,690,84,304,126,139,66,1900,246,38,208,153,128
